week,team,prob
1,CHI,0.7584485193045968
2,BAL,0.8320536957330441
3,DAL,0.8292567833682122
4,LAR,0.8361690031716856
5,PHI,0.8482898424233134
6,NE,0.8911197569949159
7,BUF,0.8013633266223047
8,NO,0.8807481521184674
9,SEA,0.7546931445963736
